id,slug,category,subCategory,name,shortDescription,description,image,gallery,specifications,filters,isActive,status
coffee-robusta-s16-wp,robusta-s16-wp,Coffee,Robusta Coffee,Robusta S16 WP,"Washed & polished Robusta, screen 16, low-defect premium grade.","Washed & polished Vietnamese Robusta, screen size 16, processed to a bright, clean cup with low defect count for roasters who need a consistent, premium commercial-grade Robusta base.",cof-rob-g1-s16-wp-optimized.webp,,Moisture: 12.5% Max; Black & Broken Beans: 2% Max; Screen Size: S16 (6.3mm); Defects: Max 90 defects/300g; Container Capacity: 19.2MT/20FCL; Origin: Vietnam; Packing: Jute bag or PP bag with liner; Net Weight: 60 kgs; MOQ: 1 x 20FCL,type: Robusta; screenSize: S16; processing: WP,TRUE,published
coffee-robusta-clean-s16,robusta-clean-s16,Coffee,Robusta Coffee,Robusta Clean S16,"Sorted, low-defect Robusta, screen 16, reliable commercial grade.","Sorted and cleaned Vietnamese Robusta, screen size 16, with foreign matter and defective beans removed to deliver a reliable, good-value commercial grade for industrial and instant-coffee buyers.",cof-rob-g1-s16-cl-optimized.webp,,Moisture: 13% Max; Black & Broken Beans: 5% Max; Screen Size: S16 (6.3mm); Defects: Max 150 defects/300g; Container Capacity: 19.2MT/20FCL; Origin: Vietnam; Packing: Jute bag or PP bag with liner; Net Weight: 60 kgs; MOQ: 1 x 20FCL,type: Robusta; screenSize: S16; processing: Clean,TRUE,published
coffee-robusta-s16-standard,robusta-s16-standard,Coffee,Robusta Coffee,Robusta S16 Standard,"FAQ-grade Robusta, screen 16, high-volume export standard.","Standard-grade Vietnamese Robusta, screen size 16 — our fair-average-quality (FAQ) export grade, well suited for high-volume roasters and blenders working to a competitive price point.",,,Moisture: 13% Max; Black & Broken Beans: 8% Max; Screen Size: S16 (6.3mm); Defects: Max 200 defects/300g; Container Capacity: 19.2MT/20FCL; Origin: Vietnam; Packing: Jute bag or PP bag with liner; Net Weight: 60 kgs; MOQ: 1 x 20FCL,type: Robusta; screenSize: S16; processing: Standard,TRUE,published
coffee-robusta-s18-wp,robusta-s18-wp,Coffee,Robusta Coffee,Robusta S18 WP,"Washed & polished Robusta, screen 18, large-bean premium grade.","Washed & polished Vietnamese Robusta, screen size 18 for larger, more uniform beans. Clean processing and low defect count make this our top washed-grade Robusta for blends and single-origin roasts alike.",cof-rob-g1-s18-wp-optimized.webp,,Moisture: 12.5% Max; Black & Broken Beans: 2% Max; Screen Size: S18 (7.1mm); Defects: Max 90 defects/300g; Container Capacity: 19.2MT/20FCL; Origin: Vietnam; Packing: Jute bag or PP bag with liner; Net Weight: 60 kgs; MOQ: 1 x 20FCL,type: Robusta; screenSize: S18; processing: WP,TRUE,published
coffee-robusta-clean-s18,robusta-clean-s18,Coffee,Robusta Coffee,Robusta Clean S18,"Sorted, low-defect Robusta, screen 18, reliable commercial grade.","Sorted and cleaned Vietnamese Robusta, screen size 18, offering larger bean size with foreign matter and defective beans removed for a consistent, good-value commercial grade.",cof-rob-g1-s18-cl-optimized.webp,,Moisture: 13% Max; Black & Broken Beans: 5% Max; Screen Size: S18 (7.1mm); Defects: Max 150 defects/300g; Container Capacity: 19.2MT/20FCL; Origin: Vietnam; Packing: Jute bag or PP bag with liner; Net Weight: 60 kgs; MOQ: 1 x 20FCL,type: Robusta; screenSize: S18; processing: Clean,TRUE,published
coffee-robusta-s18-standard,robusta-s18-standard,Coffee,Robusta Coffee,Robusta S18 Standard,"FAQ-grade Robusta, screen 18, high-volume export standard.","Standard-grade Vietnamese Robusta, screen size 18 — our fair-average-quality (FAQ) export grade with larger bean size, well suited for high-volume roasters and blenders working to a competitive price point.",,,Moisture: 13% Max; Black & Broken Beans: 8% Max; Screen Size: S18 (7.1mm); Defects: Max 200 defects/300g; Container Capacity: 19.2MT/20FCL; Origin: Vietnam; Packing: Jute bag or PP bag with liner; Net Weight: 60 kgs; MOQ: 1 x 20FCL,type: Robusta; screenSize: S18; processing: Standard,TRUE,published
agri-cashew-lbw,cashew-nut-lbw-light-blemished-wholes,Cashew,Cashew Kernels,Cashew Nut LBW (Light Blemished Wholes),Economical whole kernels with minor surface discoloration.,"Light Blemished Wholes (LBW) are whole kernels that may show slight surface discoloration or minor blemishes. Despite the aesthetic variation, they maintain the full nutritional value and flavor profile of the white grades.",,,Grade: LBW; Color: Light Brown/Deep Ivory; Moisture: 5% Max; Broken: 5% Max,type: Cashew; grade: LBW; processing: Dried,TRUE,published
agri-cashew-ws,cashew-nut-ws-white-splits,Cashew,Cashew Kernels,Cashew Nut WS (White Splits),"Clean white cashew halves, ideal for confectionery and baking.","White Splits (WS) are kernels that have naturally split lengthwise during processing. They retain the same crispness and buttery flavor as whole kernels, making them an economical choice for the food processing industry.",cashew-ws-optimized.webp,,Grade: White Splits; Color: White/Pale Ivory; Moisture: 5% Max; Foreign Matter: Nil,type: Cashew; grade: WS; processing: Dried,TRUE,published
agri-cashew-ww180,cashew-nut-ww180-king-of-cashews,Cashew,Cashew Kernels,Cashew Nut WW180 (King of Cashews),"Largest available cashew kernels, premium white whole grade.","The WW180 is known as the ""King of Cashews"" due to its exceptional size and weight. These kernels are perfectly white and whole, sourced from the finest harvests in Binh Phuoc. They are the primary choice for luxury gift sets and premium retail brands.",cashew-ww180-optimized.webp,,Grade: White Whole 180; Count: 170-180/lb; Moisture: 5% Max; Broken: 5% Max,type: Cashew; grade: WW180; processing: Dried,TRUE,published
agri-cashew-ww240,cashew-nut-ww240-large,Cashew,Cashew Kernels,Cashew Nut WW240 (Large),Large premium white whole cashew kernels for elite snacking.,WW240 kernels offer a superior balance of size and value. These large white wholes are a favorite for international roasters who require a high-impact visual presence for their retail packaging.,cashew-ww240-optimized.webp,,Grade: White Whole 240; Count: 220-240/lb; Moisture: 5% Max; Broken: 5% Max,type: Cashew; grade: WW240; processing: Dried,TRUE,published
agri-cashew-ww320,cashew-nut-ww320-standard,Cashew,Cashew Kernels,Cashew Nut WW320 (Standard),World-standard export grade cashew kernels.,"WW320 is the most commonly traded cashew grade globally. It provides a consistent size and quality profile that is highly versatile, used in everything from snack packs to confectionery coatings.",cashew-ww320-optimized.webp,,Grade: White Whole 320; Count: 300-320/lb; Moisture: 5% Max; Broken: 5% Max,type: Cashew; grade: WW320; processing: Dried,TRUE,published
rice-504,white-rice-504-5-broken,Rice,Long Grain White Rice,"White Rice 504, 5% Broken","High-yield white rice with firm texture, 5% broken.","The 504 variety is known for its high amylose content, resulting in a firm grain that doesn’t stick when cooked. The 5% broken specification represents the premium grade of this high-yield variety, making it well suited for food service providers and bulk buyers.",rice-504-5-optimized.webp,,Broken: 5% Max; Moisture: 14.0% Max; Chalky: 6.0% Max; Admixture: 0.1% Max,brokenRatio: 5%; type: Long Grain; grainLength: Long; processing: Standard,TRUE,published
rice-5451,white-rice-5451-5-broken,Rice,Long Grain White Rice,"White Rice 5451, 5% Broken","Soft-textured white rice, 5% broken, popular export grade.","OM 5451 is a high-quality variety developed for soft eating quality. It has a slender, milky white appearance and remains soft even after cooling, making it one of Vietnam’s most exported long-grain varieties.",rice-5451-5-optimized.webp,,Broken: 5% Max; Moisture: 14.0% Max; Yellow Kernels: 0.5% Max; Damaged: 0.5% Max,brokenRatio: 5%; type: Long Grain; grainLength: Long; processing: Soft,TRUE,published
rice-dt8,fragrant-rice-dt8-5-broken,Rice,Premium & Fragrant Rice,"Fragrant Rice DT8, 5% Broken","Aromatic long-grain rice, 5% broken, mid-to-premium export grade.","Dai Thom 8 (DT8) is a leading Vietnamese fragrant rice variety, valued for its long slender grain, natural aroma, and soft texture after cooking. A popular mid-to-premium tier choice for both retail and food-service export markets.",rice-dt8-5-optimized.webp,,Broken: 5% Max; Moisture: 14.0% Max; Purity: 90% Min; Fragrance: Natural,brokenRatio: 5%; type: Fragrant; grainLength: Long; processing: Premium,TRUE,published
rice-jasmine,jasmine-rice-5-broken,Rice,Premium & Fragrant Rice,"Jasmine Rice, 5% Broken","Aromatic, silky Jasmine rice, 5% broken, top-tier export grade.","Cultivated in the fertile Mekong Delta, our Jasmine rice is prized for its floral aroma and moist, silky texture. It is a staple in premium retail markets throughout North America, Europe, and the Middle East.",rice-jasmine-5-optimized.webp,,Broken: 5% Max; Moisture: 14.0% Max; Purity: 90% Min; Fragrance: Natural,brokenRatio: 5%; type: Fragrant; grainLength: Long; processing: Premium,TRUE,published
rice-japonica,japonica-rice-5-broken,Rice,Premium & Fragrant Rice,"Japonica Rice, 5% Broken","Short-grain Japonica rice, 5% broken, sticky-soft texture.","A short-to-medium grain Japonica variety grown for its slightly sticky texture and mild sweetness when cooked, favored by markets accustomed to Japanese- and Korean-style rice.",,,Broken: 5% Max; Moisture: 14.0% Max; Grain Shape: Short/Medium; Purity: 90% Min,brokenRatio: 5%; type: Japonica; grainLength: Short; processing: Standard,TRUE,published
rice-st25,st25-rice-5-broken,Rice,Premium & Fragrant Rice,"ST25 Rice, 5% Broken","Award-winning ""World’s Best Rice"", 5% broken, pineapple-pandan aroma.","ST25 is the pinnacle of Vietnamese rice breeding. Characterized by long, slender grains that remain intact after cooking, it features a distinct aroma of pandan and young pineapple — the luxury choice for gourmets worldwide.",,,Broken: 5% Max; Moisture: 14.0% Max; Grain Length: 7.2mm; Purity: 95% Min,brokenRatio: 5%; type: Fragrant; grainLength: Long; processing: Luxury,TRUE,published
coconut-green-shell,green-shell-coconut,Coconut,Coconut Products,Green Shell Coconut,Details coming soon.,Details coming soon.,,,,,TRUE,published
coconut-diamond,diamond-coconut,Coconut,Coconut Products,Diamond Coconut,Details coming soon.,Details coming soon.,,,,,TRUE,published
coconut-knot,knot-coconut,Coconut,Coconut Products,Knot Coconut,Details coming soon.,Details coming soon.,,,,,TRUE,published
coconut-green-tender,green-tender-coconut,Coconut,Coconut Products,Green Tender Coconut,Details coming soon.,Details coming soon.,,,,,TRUE,published
coconut-diamond-straw,diamond-coconut-with-straw,Coconut,Coconut Products,Diamond Coconut with Straw,Details coming soon.,Details coming soon.,,,,,TRUE,published
coconut-peeled,peeled-coconut,Coconut,Coconut Products,Peeled Coconut,Details coming soon.,Details coming soon.,,,,,TRUE,published
coconut-musked,musked-coconut,Coconut,Coconut Products,Musked Coconut,Details coming soon.,Details coming soon.,,,,,TRUE,published
